,DeconTypes
CATGACAAGAGTACCG-1,CD4TCells
CTAGCCTGTGCAGACA-1,CD4TCells
GCCAAATGTACAGCAG-1,CD4TCells
GCTCTGTGTAATAGCA-1,CD4TCells
GGCGACTCAATGGACG-1,CD4TCells
CCCTCCTAGAGTCTGG-3,CD4TCells
GGACATTGTGAGTATA-3,CD4TCells
TTTGGTTAGGCGCTCT-3,CD4TCells
GAATGAATCGGAATCT-4,CD4TCells
TGCGGGTAGCCACCTG-4,CD4TCells
CGAACATAGATCTGAA-5,CD4TCells
GCTGGGTGTAGCTAAA-5,CD4TCells
CTCCTAGAGGGATGGG-6,CD4TCells
GTTCTCGGTCAGAGGT-6,CD4TCells
TCAGCAATCGTAGATC-6,CD4TCells
TTAGGACCACATCTTT-6,CD4TCells
GAGCAGAGTTAAAGAC-7,CD4TCells
ATCTACTGTCTCTTTA-8,CD4TCells
CTACATTAGTATTGGA-8,CD4TCells
CTCGGGACATGCCACG-8,CD4TCells
CTCTAATAGGGTTTCT-8,CD4TCells
TGCTGCTAGAGCAATT-8,CD4TCells
GAAATGAAGAGACTAT-9,CD4TCells
TGAGGGAAGGCATTGG-9,CD4TCells
TTAGTTCGTCTCTTTA-9,CD4TCells
AACTCAGAGTGTCTCA-10,CD4TCells
CTCGAAACAGTATGCT-10,CD4TCells
GGATTACGTAAGTGGC-10,CD4TCells
TAGTTGGTCACATGCA-10,CD4TCells
TCATTTGGTACCGGCT-10,CD4TCells
TTTCCTCCACGGTGTC-10,CD4TCells
ACACCGGTCTGTTGAG-11,CD4TCells
CTAGTGAAGTGTACTC-11,CD4TCells
CTCGTACTCCGTACAA-11,CD4TCells
GGGATGATCACCACCT-11,CD4TCells
TGCGTGGAGTCGTTTG-11,CD4TCells
AACTCAGAGCCACGTC-12,CD4TCells
ACGCCAGCAGTGAGTG-12,CD4TCells
ACGGAGAGTTATGCGT-12,CD4TCells
ATCATCTGTCTCTTAT-12,CD4TCells
ATGCGATCAAAGTGCG-12,CD4TCells
ATGTGTGCACCAGTTA-12,CD4TCells
CATCGGGCAGCTCCGA-12,CD4TCells
CCACTACTCGCTTGTC-12,CD4TCells
CGACTTCTCGGCATCG-12,CD4TCells
CTGAAACAGGAGTAGA-12,CD4TCells
GCAATCATCAGTCCCT-12,CD4TCells
GCTCTGTCACACCGAC-12,CD4TCells
GCTCTGTTCACATAGC-12,CD4TCells
TAGAGCTCATCCGCGA-12,CD4TCells
TCAGGTAGTTCCAACA-12,CD4TCells
ACTGAGTTCCATTCTA-13,CD4TCells
CTTCTCTAGACAGAGA-13,CD4TCells
AGTGGGATCATGTCCC-14,CD4TCells
ATCACGATCCATGAGT-14,CD4TCells
CAACCAATCGGAAATA-14,CD4TCells
TCAGGTAAGATGTGGC-14,CD4TCells
TGCGTGGGTTGGAGGT-14,CD4TCells
TGCGTGGTCACGAAGG-14,CD4TCells
CATCGAAAGGTGCACA-15,CD4TCells
CGAGCACAGTTACCCA-15,CD4TCells
CTCGAGGCATACCATG-15,CD4TCells
CTCTAATTCTGATTCT-15,CD4TCells
CTTGGCTTCGGTTCGG-15,CD4TCells
GCAGTTATCACCATAG-15,CD4TCells
TAAGAGAAGGCTCATT-15,CD4TCells
TCACGAAAGTGGGCTA-15,CD4TCells
TTAGGACCAGACACTT-15,CD4TCells
CACACCTCAGCTCGAC-16,CD4TCells
CACAGTAAGATATGCA-16,CD4TCells
CGGACGTCATCACCCT-16,CD4TCells
GACTACAGTTATTCTC-16,CD4TCells
GCATGTAGTATAGTAG-16,CD4TCells
GCGGGTTGTAGAAGGA-16,CD4TCells
GCTGGGTAGGTGCTAG-16,CD4TCells
GGACAGACAGGACCCT-16,CD4TCells
TACCTTAGTGATAAAC-16,CD4TCells
TATCTCATCGCGTAGC-16,CD4TCells
TCACAAGAGATCGATA-16,CD4TCells
AGGGATGCAGCATACT-18,CD4TCells
CACTCCATCAAGATCC-18,CD4TCells
CATTATCCATAGTAAG-18,CD4TCells
CCTAAAGCACAGTCGC-18,CD4TCells
CGAATGTTCTCTAAGG-18,CD4TCells
TTTGTCACACGAAAGC-20,CD4TCells
AGTGTCAGTCATGCAT-22,CD4TCells
CTTAACTGTAAATGTG-22,CD4TCells
ATTACTCAGGATGCGT-23,CD4TCells
GAACATCAGTCATCCA-23,CD4TCells
AGTAGTCTCCAGGGCT-24,CD4TCells
ATCATCTCAGGCAGTA-24,CD4TCells
CACAAACCATAGAAAC-24,CD4TCells
TCAGGTAGTCACTGGC-24,CD4TCells
ACACCCTCAAACCTAC-25,CD4TCells
AGCTCCTGTGGTTTCA-25,CD4TCells
CCGGGATTCTAAGCCA-25,CD4TCells
GTACTCCAGTGGTCCC-25,CD4TCells
TCAGCAATCAGAGACG-26,CD4TCells
TGCTGCTAGACAATAC-27,CD4TCells
GATCAGTGTGCACTTA-28,CD4TCells
AACACGTAGCCACGTC-3,CD8TCells
CTACATTAGGGTCTCC-3,CD8TCells
AAACGGGCACGAAGCA-4,CD8TCells
AAACGGGTCGCACTCT-4,CD8TCells
ACCAGTACATCACAAC-4,CD8TCells
AGTAGTCAGACTGGGT-4,CD8TCells
ATCACGATCTCAACTT-4,CD8TCells
CAAGGCCTCATAACCG-4,CD8TCells
CACAGGCGTCAATGTC-4,CD8TCells
CAGAGAGTCCGCAAGC-4,CD8TCells
CAGATCAGTGTTAAGA-4,CD8TCells
CAGCTGGCAGTTCCCT-4,CD8TCells
CAGTCCTAGCTATGCT-4,CD8TCells
CCACCTACAATGGAAT-4,CD8TCells
CCGGGATAGACTAGGC-4,CD8TCells
GACTACATCCTCATTA-4,CD8TCells
TGGCTGGTCTATCCCG-4,CD8TCells
ACACCGGTCTCTAAGG-5,CD8TCells
ATGAGGGGTACGACCC-7,CD8TCells
ACCGTAAGTTATCCGA-8,CD8TCells
ACTGAGTAGCAATCTC-9,CD8TCells
AGTTGGTCATTGAGCT-9,CD8TCells
GTCCTCAAGCGATATA-9,CD8TCells
TCAGCAAGTGAAAGAG-9,CD8TCells
AATCCAGCAGGACCCT-10,CD8TCells
ACGGGTCCAGGGTACA-10,CD8TCells
ATCTACTCATACTCTT-10,CD8TCells
CACAAACTCGCGATCG-10,CD8TCells
CACACAAGTTCTGAAC-10,CD8TCells
CACAGGCCAATCCGAT-10,CD8TCells
CACATTTTCAGCTGGC-10,CD8TCells
CATCAGAAGCTAGTGG-10,CD8TCells
CGGCTAGGTCCGTCAG-10,CD8TCells
GGACATTCATCCCACT-10,CD8TCells
GTACTTTTCGCCTGAG-10,CD8TCells
GTGGGTCCATACTCTT-10,CD8TCells
TCAGCTCAGTGTACTC-10,CD8TCells
TCGAGGCCACCTCGGA-10,CD8TCells
TCGGTAACACAGATTC-10,CD8TCells
TGAGAGGGTTCAGACT-10,CD8TCells
TTGGCAAAGCCACCTG-10,CD8TCells
CTGAAGTTCAACGCTA-11,CD8TCells
GACTACAGTTGATTGC-11,CD8TCells
TCGTAGACATTATCTC-11,CD8TCells
TGCCCTAAGTATCGAA-11,CD8TCells
TTGAACGCAGCCTTTC-11,CD8TCells
CCAATCCGTATGAATG-12,CD8TCells
GGGCACTAGTTCCACA-12,CD8TCells
GTACTTTTCTTAACCT-12,CD8TCells
TAGGCATTCTTGAGAC-12,CD8TCells
CACTCCAAGCTGTCTA-14,CD8TCells
TGCCAAATCAGGCAAG-14,CD8TCells
ATTGGACCATGGAATA-15,CD8TCells
CTCGAGGCATGGGAAC-15,CD8TCells
CTCGTCACAATGAAAC-15,CD8TCells
TTGCCGTAGACGACGT-15,CD8TCells
ACCTTTAGTACAGCAG-16,CD8TCells
ACTTGTTGTCCAGTTA-16,CD8TCells
AGGGATGCAAAGTCAA-16,CD8TCells
AGTAGTCTCATCATTC-16,CD8TCells
ATCATCTGTCGTGGCT-16,CD8TCells
ATTTCTGGTATAGGGC-16,CD8TCells
CATCAGACACAGTCGC-16,CD8TCells
CCCTCCTTCTACGAGT-16,CD8TCells
CGCCAAGCAAGCTGGA-16,CD8TCells
GAATAAGTCTGCCCTA-16,CD8TCells
GACTACATCCGAATGT-16,CD8TCells
GTATTCTAGGGATACC-16,CD8TCells
GTGTGCGAGCTGTTCA-16,CD8TCells
GTTACAGAGACGCTTT-16,CD8TCells
TACACGACAGACACTT-16,CD8TCells
TCATTACTCAGCAACT-16,CD8TCells
TGAGCATAGGGATGGG-16,CD8TCells
TGGCTGGTCATGTCCC-16,CD8TCells
TGGTTCCAGATGTCGG-16,CD8TCells
TTCTTAGGTGGTCCGT-16,CD8TCells
TCAGCTCCAACTGCGC-18,CD8TCells
AGCTCCTTCCTCTAGC-23,CD8TCells
TTTACTGTCTTATCTG-23,CD8TCells
CTAACTTAGGTGTGGT-24,CD8TCells
CTCGGGACAACGCACC-24,CD8TCells
GGTGTTAAGGTAAACT-24,CD8TCells
TGTGGTAGTTAGTGGG-24,CD8TCells
TTGGCAAAGGTAAACT-24,CD8TCells
CACACAAAGACTCGGA-25,CD8TCells
CTACATTAGTCTCAAC-25,CD8TCells
CTTAACTAGCACACAG-25,CD8TCells
TCTTCGGCATGCATGT-25,CD8TCells
ACCCACTAGGTGATAT-12,CD8TCells
CCCAGTTTCGGCGGTT-12,CD8TCells
CGTCTACTCTCTTATG-12,CD8TCells
TATGCCCCACCATCCT-12,CD8TCells
TCACAAGTCGCGATCG-12,CD8TCells
TGGCCAGTCTTGACGA-12,CD8TCells
AGCAGCCAGCGTCAAG-13,CD8TCells
GTCAAGTGTCTGCGGT-13,CD8TCells
AGCAGCCGTATGAAAC-14,CD8TCells
ACGGCCATCAGCAACT-15,CD8TCells
CCGGTAGAGAGAACAG-15,CD8TCells
GGGACCTAGGGTTTCT-18,CD8TCells
TGCACCTAGAATTGTG-3,BCells
AGCTCCTCAGACGCTC-4,BCells
AGGTCATAGACATAAC-4,BCells
CATCAAGTCTCACATT-4,BCells
CCGGTAGCAGGTTTCA-4,BCells
CGGACGTGTCGCTTTC-4,BCells
GCAGCCACACGTCAGC-4,BCells
GGCTGGTAGCAGCGTA-4,BCells
GTCAAGTCACACATGT-4,BCells
TAGAGCTAGAAGGACA-4,BCells
TATGCCCAGATGAGAG-4,BCells
TGACTTTCAGTCAGAG-4,BCells
GCTCTGTCAAACTGTC-10,BCells
TCTATTGAGAGTAATC-10,BCells
ACCAGTACATGCTAGT-11,BCells
ATAAGAGAGGGCTCTC-11,BCells
CACACAATCTCTAAGG-11,BCells
CCTAGCTCAGTGGGAT-11,BCells
CTCTGGTAGGAGTTGC-11,BCells
GGTGCGTTCATAGCAC-11,BCells
TGAGCCGCAAAGGCGT-11,BCells
TTTGGTTCACTCAGGC-11,BCells
ACAGCCGTCACATACG-12,BCells
ACCTTTAGTGATGTGG-12,BCells
ACGCCAGAGGCAGTCA-12,BCells
CACACCTAGGTGCAAC-12,BCells
CACCAGGCAGGATTGG-12,BCells
CATATGGGTTCCTCCA-12,BCells
CCTTACGGTTACCGAT-12,BCells
CGACTTCGTAGCTCCG-12,BCells
CGGACGTCACACATGT-12,BCells
CTCGGAGAGGACACCA-12,BCells
CTCGTCATCTGCAGTA-12,BCells
GATCGCGTCTGTCTAT-12,BCells
GATCTAGTCAGCGATT-12,BCells
GCTGCTTCATGGATGG-12,BCells
GTGCATACATCCGCGA-12,BCells
TATTACCTCGAGAGCA-12,BCells
TTTGTCATCGGCTACG-12,BCells
CGTAGCGAGATGCGAC-13,BCells
GCATACATCACATGCA-13,BCells
GTTCTCGAGGCCCGTT-13,BCells
TGGACGCGTTCTGTTT-13,BCells
AAGCCGCTCCTTGACC-14,BCells
AAGGAGCAGCATGGCA-14,BCells
ATTGGTGCATCGGTTA-14,BCells
CATATGGCATTCCTCG-14,BCells
CATTATCCACAGACTT-14,BCells
CCACGGACACGACTCG-14,BCells
CGAACATCATTCTCAT-14,BCells
CGGACGTCACGGACAA-14,BCells
CGGCTAGCAGATGGCA-14,BCells
GAACCTACATCTGGTA-14,BCells
GACTACAGTTATCGGT-14,BCells
GATGAAAAGTGTGAAT-14,BCells
GCATACATCATTCACT-14,BCells
GGGACCTAGATAGGAG-14,BCells
TGCTGCTTCGAGCCCA-14,BCells
TGGGCGTAGTAGGTGC-14,BCells
TTCGAAGGTGTCAATC-14,BCells
AACTCTTTCAAACCAC-15,BCells
AAGGTTCAGATGCGAC-15,BCells
ACGCCAGTCACCTTAT-15,BCells
ACGTCAAGTCAGAATA-15,BCells
ATGTGTGCAGGGTTAG-15,BCells
CAAGTTGCATGGGAAC-15,BCells
CTAGAGTTCCAGAAGG-15,BCells
CTCGAAAAGAGACTAT-15,BCells
GAAATGAAGTTGTCGT-15,BCells
GAACGGATCACTTACT-15,BCells
GACCTGGAGTTGTCGT-15,BCells
GGAACTTCATGAACCT-15,BCells
GGATTACAGTGTTAGA-15,BCells
GTCATTTGTCTGATCA-15,BCells
TGTATTCTCTTGCATT-15,BCells
TTAGTTCGTATATCCG-15,BCells
TATCTCAAGCGTTCCG-16,BCells
AACTGGTGTGATAAGT-18,BCells
ACATGGTAGTTTAGGA-18,BCells
AGTCTTTGTAGTACCT-18,BCells
CACATAGGTGCGCTTG-18,BCells
CATTATCAGTGCGTGA-18,BCells
CCAGCGACACATTCGA-18,BCells
CGATTGACAATCCAAC-18,BCells
CTGGTCTGTATGGTTC-18,BCells
GATCGTACACAGTCGC-18,BCells
GCCTCTATCATGTGGT-18,BCells
TACACGACACACGCTG-18,BCells
TACCTATTCGGCGCAT-18,BCells
TACGGGCTCCTTCAAT-18,BCells
TCAACGATCTTTAGGG-18,BCells
TCAGCTCGTCTGATCA-18,BCells
TGACTAGTCAGCATGT-18,BCells
TGCGGGTTCGCCTGAG-18,BCells
GAGTCCGCAAGTTGTC-22,BCells
ACACCCTAGCTGAAAT-24,BCells
GGACAAGGTTAAGAAC-24,BCells
TTCCCAGTCTTGTCAT-24,BCells
AGGCCGTCAGCGAACA-25,BCells
GACTACATCTAACGGT-27,BCells
ACTGCTCGTCTAGAGG-1,Macrophages
GATCAGTAGCCGGTAA-1,Macrophages
ACTGAGTAGCTCTCGG-3,Macrophages
ACTTACTCAGACAAAT-3,Macrophages
AGCGTATCAATGGATA-3,Macrophages
ATCACGACAGCAGTTT-3,Macrophages
CAGAGAGTCTGGCGTG-3,Macrophages
CCTTCCCTCAGTCCCT-3,Macrophages
CTCACACAGGCATGGT-3,Macrophages
CTCATTAAGCGACGTA-3,Macrophages
CTCTGGTTCGTTTATC-3,Macrophages
CTGATAGGTGTGACCC-3,Macrophages
GAAATGATCGTTTAGG-3,Macrophages
GAACCTAGTGCAGACA-3,Macrophages
GACTAACTCTGCGGCA-3,Macrophages
GACTGCGCAAGAAGAG-3,Macrophages
GATGAAAGTTGAGGTG-3,Macrophages
GATGAGGTCCAAACTG-3,Macrophages
GCTGCTTGTGTGGTTT-3,Macrophages
GGCGACTTCACCGTAA-3,Macrophages
GGGACCTTCTGAGGGA-3,Macrophages
GTCACAACATAAGACA-3,Macrophages
GTCACGGCAAGTAATG-3,Macrophages
GTGAAGGGTTCTGAAC-3,Macrophages
GTGCATACAAGTACCT-3,Macrophages
TACAGTGTCAGCAACT-3,Macrophages
TCAGCAAAGCCCGAAA-3,Macrophages
TCTCATAGTACCGAGA-3,Macrophages
CGTCAGGAGAACTGTA-4,Macrophages
CTAGCCTTCCAGGGCT-4,Macrophages
GCTCTGTAGCAATATG-4,Macrophages
CACAAACGTACATCCA-5,Macrophages
CATATTCCACCGGAAA-5,Macrophages
CCTAAAGGTACTTCTT-5,Macrophages
GACTGCGAGCTGTCTA-5,Macrophages
GGGTTGCCAAATTGCC-5,Macrophages
GTCACAATCGCTAGCG-5,Macrophages
CACAGGCTCTCAACTT-6,Macrophages
CCAATCCGTTCAGTAC-6,Macrophages
ATAGACCCACAACGCC-8,Macrophages
CGACCTTGTGATGATA-8,Macrophages
CTTAACTTCACTATTC-8,Macrophages
TGACGGCCAGGTCGTC-8,Macrophages
TTGACTTAGATCACGG-8,Macrophages
GTCACAATCGAATGCT-9,Macrophages
AACACGTTCCAGATCA-10,Macrophages
ACGCCAGCACCTCGTT-10,Macrophages
AGCAGCCGTTTACTCT-10,Macrophages
CCATGTCAGCACAGGT-10,Macrophages
TAAACCGGTTCAGGCC-10,Macrophages
TCCCGATCAGACGCTC-10,Macrophages
TGCCCATTCTCTGTCG-10,Macrophages
AGACGTTCACCATGTA-11,Macrophages
ATAAGAGAGACGACGT-11,Macrophages
CCGTGGAGTTAAGTAG-11,Macrophages
CGTTCTGAGACTGGGT-11,Macrophages
GACCTGGCAGTCAGCC-11,Macrophages
TAAGTGCCAATGGTCT-11,Macrophages
TATCAGGTCACTTCAT-11,Macrophages
CGATCGGGTCCCGACA-13,Macrophages
GGCCGATAGCTGCCCA-13,Macrophages
TGAGAGGGTTTGTTGG-13,Macrophages
AACTCCCTCTCTTGAT-16,Macrophages
ACGATGTCAAGCGCTC-16,Macrophages
ACGATGTTCTACTATC-16,Macrophages
AGTCTTTTCATAGCAC-16,Macrophages
CACCACTGTTAAGATG-16,Macrophages
CCAGCGACATCACAAC-16,Macrophages
CCTACCATCACATGCA-16,Macrophages
CGATCGGGTGTTCTTT-16,Macrophages
CGCGGTACATACGCCG-16,Macrophages
CGCTGGAGTCAGGACA-16,Macrophages
CTAACTTCACCGATAT-16,Macrophages
CTAATGGCAATGACCT-16,Macrophages
CTAATGGTCGGTCCGA-16,Macrophages
CTGAAGTTCTGAGTGT-16,Macrophages
GAACGGAAGCTCAACT-16,Macrophages
GACTAACGTCTTGTCC-16,Macrophages
GAGGTGATCATACGGT-16,Macrophages
GCCTCTACATGTCCTC-16,Macrophages
GGCTGGTGTCTCGTTC-16,Macrophages
GGTGCGTCAGTCACTA-16,Macrophages
GTGCAGCTCTCTTATG-16,Macrophages
GTTCGGGGTCAACATC-16,Macrophages
TACAGTGGTCGCTTCT-16,Macrophages
TGAGAGGCAGACGTAG-16,Macrophages
TTAGTTCGTCTGCAAT-16,Macrophages
TTTGTCAGTACACCGC-16,Macrophages
CATGGCGGTTGGAGGT-23,Macrophages
CGGCTAGTCTAGCACA-23,Macrophages
TACTTACTCGTTGCCT-23,Macrophages
CGTAGCGGTTCGCGAC-25,Macrophages
CTGTGCTTCTACTTAC-26,Macrophages
TATTACCCACGGCCAT-26,Macrophages
TCATTACAGCTGGAAC-26,Macrophages
TCTCTAACATAACCTG-26,Macrophages
ACGTCAACAACAACCT-27,Macrophages
ACGTCAATCTGCAGTA-27,Macrophages
ATCATGGTCTCGATGA-27,Macrophages
GGCTGGTAGAGTGACC-28,Macrophages
ATAGACCCATTTCAGG-1,Neutrophil
CCTTCCCTCCCACTTG-1,Neutrophil
CTCATTAGTGCAGACA-1,Neutrophil
GATTCAGCACATGTGT-1,Neutrophil
GCTGCTTCAGTCTTCC-1,Neutrophil
GGGTCTGGTTCGTTGA-1,Neutrophil
TATCAGGAGGCTAGCA-1,Neutrophil
AAAGATGAGGTGCTTT-3,Neutrophil
AAAGCAAGTAAGGGAA-3,Neutrophil
ACATCAGTCACGATGT-3,Neutrophil
CACAGTAGTGAACCTT-3,Neutrophil
CAGGTGCTCGGATGTT-3,Neutrophil
CCTAGCTGTAAGAGAG-3,Neutrophil
CGTTGGGTCTCCGGTT-3,Neutrophil
TACCTTATCAGCCTAA-3,Neutrophil
TAGACCAGTACGCTGC-3,Neutrophil
CACAAACAGACCGGAT-4,Neutrophil
GCACATAAGGAGCGTT-4,Neutrophil
GTGCATAGTATGGTTC-4,Neutrophil
TCAGGTACACACGCTG-4,Neutrophil
TGGCCAGGTTATCGGT-4,Neutrophil
AAGGCAGGTGTTGGGA-5,Neutrophil
ACTTTCACAAAGGCGT-5,Neutrophil
CGTGTAAAGATCGGGT-5,Neutrophil
GTAGGCCCAACAACCT-5,Neutrophil
TCCCGATTCCAAAGTC-5,Neutrophil
TTTGCGCAGCGATATA-5,Neutrophil
ACACCGGTCTGCCAGG-6,Neutrophil
ACACTGAGTCGAGTTT-6,Neutrophil
ACATGGTGTGACCAAG-6,Neutrophil
ATTATCCAGGTGTGGT-6,Neutrophil
CCATGTCCAGCAGTTT-6,Neutrophil
CCTTTCTAGGGTTTCT-6,Neutrophil
GGACAAGGTCTCACCT-6,Neutrophil
GGGATGATCTCGAGTA-6,Neutrophil
GTAACGTCAACACCTA-6,Neutrophil
TTAGGCATCCGTCAAA-6,Neutrophil
ACGTCAATCAACGGCC-7,Neutrophil
AAAGATGAGAGTCTGG-8,Neutrophil
CGGACACAGGATGTAT-8,Neutrophil
AGGGAGTCATCCTAGA-9,Neutrophil
ATCGAGTAGTTGAGTA-9,Neutrophil
CTACCCAGTAGTACCT-9,Neutrophil
GTCAAGTTCGGCCGAT-9,Neutrophil
TGGCTGGTCTAGCACA-9,Neutrophil
AACCATGTCTCCGGTT-10,Neutrophil
CGGGTCACAGGGTACA-10,Neutrophil
GATGCTACAGTCACTA-10,Neutrophil
GCTCCTAAGGACCACA-10,Neutrophil
GGAATAATCCACTGGG-10,Neutrophil
AACTCCCTCATCACCC-11,Neutrophil
TACTTACTCTGGAGCC-11,Neutrophil
ATCATCTCATGGTTGT-13,Neutrophil
ATCCGAACACCCAGTG-13,Neutrophil
ATTATCCGTGCACGAA-13,Neutrophil
TTTCCTCTCTTTAGGG-13,Neutrophil
TATCAGGAGAGCTGCA-14,Neutrophil
CAGATCAGTACGAAAT-16,Neutrophil
CGATCGGAGGCTAGGT-16,Neutrophil
CGTCCATCAACGCACC-16,Neutrophil
CTAATGGAGTCCAGGA-16,Neutrophil
TCAATCTGTTACGGAG-16,Neutrophil
TCCCGATTCGTCTGCT-16,Neutrophil
AACTCAGTCGACGGAA-19,Neutrophil
CTGCGGATCCCTAATT-19,Neutrophil
CAGGTGCCAACTGGCC-20,Neutrophil
CTGCGGAAGTAGTGCG-20,Neutrophil
GCGCCAATCGCCAGCA-21,Neutrophil
ACAGCTACAAGTCTGT-23,Neutrophil
CAGCCGAAGCGCTCCA-23,Neutrophil
CGGCTAGTCAGCTGGC-23,Neutrophil
ACTGATGAGGCTAGAC-24,Neutrophil
ACAGCTAGTAAGGGAA-25,Neutrophil
CCTTCGAAGGACAGAA-25,Neutrophil
CGTAGCGAGCCTATGT-25,Neutrophil
CTCGTACAGCAAATCA-25,Neutrophil
GGGACCTTCATCGATG-25,Neutrophil
GGTGCGTAGCCATCGC-25,Neutrophil
TATTACCAGACAGAGA-25,Neutrophil
TCACAAGGTTCGTTGA-25,Neutrophil
AATCCAGGTTCGTGAT-26,Neutrophil
CATCAGAAGAAGGTTT-26,Neutrophil
CTCGAAATCTACGAGT-26,Neutrophil
GCGCGATTCCTACAGA-26,Neutrophil
TGGACGCAGTGCGTGA-26,Neutrophil
AAACGGGGTATAATGG-27,Neutrophil
AGGGAGTAGATCTGCT-27,Neutrophil
CACCAGGCAGCTTCGG-27,Neutrophil
CAGCGACCAGCTTCGG-27,Neutrophil
CTGAAACGTATTCTCT-27,Neutrophil
GCGAGAACAAGTCATC-27,Neutrophil
TAGAGCTAGCTCAACT-27,Neutrophil
TAGTTGGAGGGTTCCC-27,Neutrophil
TGAGAGGAGTATTGGA-27,Neutrophil
TTCTACACACCAGCAC-27,Neutrophil
ACCTTTAGTTTGTGTG-28,Neutrophil
CGGCTAGCACCCATGG-28,Neutrophil
GACTACATCATTATCC-28,Neutrophil
TGCACCTAGTCGTACT-28,Neutrophil
TGCGTGGTCCTTGACC-28,Neutrophil
CATGACATCCACGACG-1,EndothelialCells
CGATGGCCAGGCAGTA-1,EndothelialCells
GGAGCAACATTAGCCA-1,EndothelialCells
ACTGTCCCACGTCTCT-4,EndothelialCells
CACACAAAGACTCGGA-4,EndothelialCells
TCTATTGCAGTGACAG-5,EndothelialCells
TGCTACCTCAAGGCTT-5,EndothelialCells
TGGGAAGAGTACACCT-5,EndothelialCells
AACTTTCCAGCTGTTA-6,EndothelialCells
AAGGTTCTCTGGAGCC-7,EndothelialCells
ATCACGAGTAGCGATG-7,EndothelialCells
CACATAGAGCGCTCCA-7,EndothelialCells
CCGTTCAAGGTGACCA-7,EndothelialCells
CTAGCCTGTGCACGAA-7,EndothelialCells
AGAATAGTCAGTTTGG-8,EndothelialCells
AGTCTTTTCCAATGGT-8,EndothelialCells
CAAGGCCCAGTCGTGC-8,EndothelialCells
CAGCATAGTAAGGGCT-8,EndothelialCells
CCACCTACAAGGACTG-8,EndothelialCells
CCTACACCAGATCGGA-8,EndothelialCells
CGGACGTAGGACAGCT-8,EndothelialCells
CTCGAGGCAGCTGGCT-8,EndothelialCells
CTCTACGAGGACGAAA-8,EndothelialCells
GAACGGATCACTCCTG-8,EndothelialCells
GACGTGCAGTGTACTC-8,EndothelialCells
GAGCAGAAGGTGATTA-8,EndothelialCells
GATCAGTGTGCCTTGG-8,EndothelialCells
GCGCAGTAGAGTAATC-8,EndothelialCells
GGAACTTCAAGTTCTG-8,EndothelialCells
GGACAAGGTAGGCTGA-8,EndothelialCells
GGAGCAAAGCGAAGGG-8,EndothelialCells
GGGTCTGTCAGCTTAG-8,EndothelialCells
GGGTTGCAGTCCCACG-8,EndothelialCells
TCTCTAAGTACCATCA-8,EndothelialCells
TCTGGAATCACATAGC-8,EndothelialCells
GGTGAAGCACCACCAG-9,EndothelialCells
TTCTCCTTCCTAAGTG-9,EndothelialCells
TCAGGATAGTGACATA-10,EndothelialCells
ATAACGCGTATCTGCA-13,EndothelialCells
CAGTCCTTCGTGGGAA-13,EndothelialCells
TCGAGGCAGGGCTTGA-13,EndothelialCells
CTCGAGGGTCAATACC-16,EndothelialCells
GCTTGAACATAGGATA-18,EndothelialCells
AACCATGGTGTGGTTT-19,EndothelialCells
AAGGCAGAGGCTAGCA-19,EndothelialCells
AATCGGTAGCAATATG-19,EndothelialCells
CCGTTCAAGCAGCCTC-19,EndothelialCells
CGACTTCAGGTAAACT-19,EndothelialCells
CGTGTCTTCTGCAAGT-19,EndothelialCells
GACTGCGAGTCCGGTC-19,EndothelialCells
GATCAGTTCGGGAGTA-19,EndothelialCells
TCATTTGGTTCAGACT-19,EndothelialCells
TGCTACCCAATAGCAA-19,EndothelialCells
TGGCTGGCAGCGAACA-19,EndothelialCells
AACTCAGAGGACCACA-20,EndothelialCells
AAGTCTGGTACCGTAT-20,EndothelialCells
AGGGAGTAGTCTCGGC-20,EndothelialCells
CAGCTAAGTCACCTAA-20,EndothelialCells
CCGTACTCATTCACTT-20,EndothelialCells
GAACCTATCGACGGAA-20,EndothelialCells
GCATGTAGTCCGAACC-20,EndothelialCells
GCCTCTACAAGACACG-20,EndothelialCells
TAGTGGTGTAGCGTAG-20,EndothelialCells
TGACGGCGTTACGCGC-20,EndothelialCells
TTGCCGTAGCTGATAA-20,EndothelialCells
AACCGCGTCATCATTC-22,EndothelialCells
CATGGCGTCTATCCCG-22,EndothelialCells
CGTGTCTTCGTTGACA-22,EndothelialCells
GACTAACGTCACAAGG-22,EndothelialCells
GGCGACTTCAGTTTGG-22,EndothelialCells
GGGCACTCATGACGGA-22,EndothelialCells
TCTTCGGTCAGGTAAA-22,EndothelialCells
TGAGGGATCGGTCTAA-22,EndothelialCells
TTTATGCGTCAACATC-22,EndothelialCells
AGCTCCTCATGCCTTC-23,EndothelialCells
GAATAAGAGTGTACCT-23,EndothelialCells
GACTAACTCATGCTCC-23,EndothelialCells
GATCGTACATGTCTCC-23,EndothelialCells
GATCTAGAGTGTGAAT-23,EndothelialCells
GCGCAGTCACCGATAT-23,EndothelialCells
GTCCTCAAGGGAACGG-23,EndothelialCells
TAAGCGTCAATGGATA-23,EndothelialCells
TAGTTGGAGTCCTCCT-23,EndothelialCells
TCGTAGACACGTTGGC-23,EndothelialCells
TGGGCGTTCATCGATG-23,EndothelialCells
ATGTGTGCAAATACAG-24,EndothelialCells
ATTTCTGGTCCTCCAT-24,EndothelialCells
CCACGGACACTCTGTC-24,EndothelialCells
CCATTCGGTCGAATCT-24,EndothelialCells
GAACGGACAGCTGTTA-24,EndothelialCells
GCAAACTCATCGGGTC-24,EndothelialCells
GCAATCATCTGAGGGA-24,EndothelialCells
GCGACCAAGACCGGAT-24,EndothelialCells
TACCTTACAAGTCTAC-24,EndothelialCells
TATTACCGTTGCGCAC-24,EndothelialCells
TCTTCGGTCAGCTTAG-24,EndothelialCells
TTCTACATCCGTAGGC-24,EndothelialCells
ACACCGGGTAAGGATT-26,EndothelialCells
CAGCATAGTAAACGCG-26,EndothelialCells
TAAGAGAGTGCAGACA-27,EndothelialCells
ACTATCTAGGATGGAA-1,Fibroblasts
ATTGGTGAGATCCCAT-1,Fibroblasts
CACAGTATCATGGTCA-1,Fibroblasts
CAGCGACGTGGCCCTA-1,Fibroblasts
CATGGCGTCGCCAAAT-1,Fibroblasts
CTCGTCAGTTAAGGGC-1,Fibroblasts
CTCTAATGTAGAGGAA-1,Fibroblasts
GCAATCAGTCACCCAG-1,Fibroblasts
GTATCTTAGAAGGTTT-1,Fibroblasts
AATCCAGCAAGCTGAG-4,Fibroblasts
CTCTACGTCTTCCTTC-4,Fibroblasts
GCGCGATAGTACGTTC-4,Fibroblasts
TGCCAAACATACTCTT-4,Fibroblasts
TGCCAAATCGCATGAT-4,Fibroblasts
TGGTTAGGTAAGGATT-4,Fibroblasts
AAGTCTGGTTGCCTCT-5,Fibroblasts
ACTGAACCAGCTGTAT-5,Fibroblasts
ACTGAGTTCCCTTGTG-5,Fibroblasts
CAACCTCCAACGCACC-5,Fibroblasts
GATGAGGTCAGCGATT-5,Fibroblasts
TGCTGCTAGAGCTGGT-5,Fibroblasts
ATCATGGTCCGTTGTC-6,Fibroblasts
CCGGGATGTTGATTCG-6,Fibroblasts
GGATTACTCACAGTAC-6,Fibroblasts
TGGCGCATCACCGGGT-6,Fibroblasts
ACACCGGAGCCAACAG-8,Fibroblasts
AGCGGTCAGCAGGCTA-8,Fibroblasts
ATCATGGCACCATCCT-8,Fibroblasts
ATCTGCCCATTGGCGC-8,Fibroblasts
CGTAGGCGTCACCCAG-8,Fibroblasts
CTACGTCCATCACGAT-8,Fibroblasts
CTCGAAACACCTGGTG-8,Fibroblasts
GATCAGTTCGCCTGAG-8,Fibroblasts
GGCTCGACACGGTAGA-8,Fibroblasts
CAAGATCAGGATGGAA-9,Fibroblasts
GACGTTACACTAAGTC-9,Fibroblasts
GTTAAGCTCCAAGTAC-9,Fibroblasts
CAGCAGCTCGGGAGTA-10,Fibroblasts
CCTTACGAGCCCAATT-10,Fibroblasts
CGTTCTGTCTGCGGCA-10,Fibroblasts
CTAGAGTCAGGGTATG-10,Fibroblasts
CTCGAAAGTGACTACT-10,Fibroblasts
CTGATCCAGTAGCCGA-10,Fibroblasts
GACGGCTCAATGGTCT-10,Fibroblasts
GCATACAGTAATAGCA-10,Fibroblasts
TCTTCGGAGGGCTCTC-10,Fibroblasts
TTCGGTCAGGTGCAAC-10,Fibroblasts
CCGTTCATCTGGCGTG-13,Fibroblasts
GACACGCCAAAGCAAT-13,Fibroblasts
ACACTGATCCATGCTC-16,Fibroblasts
GGGTTGCGTAGCTAAA-16,Fibroblasts
TGACTAGTCTTGAGAC-16,Fibroblasts
ACACCAAGTTATCGGT-20,Fibroblasts
ACGCAGCAGGTGCTAG-20,Fibroblasts
AGCTCCTAGCTAACTC-20,Fibroblasts
CCACCTACATACCATG-20,Fibroblasts
CGCGTTTCAGTTCCCT-20,Fibroblasts
CGTGTCTCACAGGCCT-20,Fibroblasts
CTCGGGACAAGCCGCT-20,Fibroblasts
GGAAAGCGTGCCTTGG-20,Fibroblasts
TTCTCAACATGGGAAC-20,Fibroblasts
TGGCTGGCAATGGATA-21,Fibroblasts
CTGTTTAAGAGCAATT-22,Fibroblasts
TTTGGTTAGCGGATCA-22,Fibroblasts
AACTGGTGTACAAGTA-23,Fibroblasts
CTCGGAGTCGCAAGCC-23,Fibroblasts
GCACTCTCATCCGTGG-23,Fibroblasts
TATCAGGGTCCTCTTG-23,Fibroblasts
CAACCAAAGCCCAATT-24,Fibroblasts
CATGACAAGCGATGAC-24,Fibroblasts
CCGTACTTCCGAAGAG-24,Fibroblasts
CGGTTAAGTTCGTTGA-24,Fibroblasts
CGTCAGGAGCTGCGAA-24,Fibroblasts
GCAGTTAAGGCTACGA-24,Fibroblasts
GTACTCCTCCAAGCCG-24,Fibroblasts
TCATTTGTCGCCAGCA-24,Fibroblasts
ACTATCTTCACATGCA-25,Fibroblasts
CGAGCCATCGCATGAT-25,Fibroblasts
CGATTGAAGTGGGTTG-25,Fibroblasts
CGTAGGCGTAGCGTAG-25,Fibroblasts
GCTGCGACATGGGAAC-25,Fibroblasts
TCAGCAACAATGGACG-25,Fibroblasts
TCAGGATCATATGAGA-25,Fibroblasts
TGCCCATCAGAGCCAA-27,Fibroblasts
CACATAGGTGTCTGAT-28,Fibroblasts
GTGCAGCAGTGAACAT-28,Fibroblasts
CTTAACTCAGTGAGTG-5,Fibroblasts
GAAATGAGTCACCTAA-7,Fibroblasts
TTCGAAGTCGCATGAT-7,Fibroblasts
CTGTGCTCAGCTCGCA-8,Fibroblasts
TGATTTCTCGGTGTTA-8,Fibroblasts
TTAACTCTCCTGTAGA-8,Fibroblasts
CGCTTCACAAGAAAGG-9,Fibroblasts
GTGCATAAGCACCGTC-10,Fibroblasts
TGTGGTAGTGCAGTAG-10,Fibroblasts
GACGTGCCATGTCGAT-13,Fibroblasts
GGATTACAGCTAAACA-20,Fibroblasts
GATCGATAGCTACCGC-23,Fibroblasts
CGATTGACATGTAGTC-24,Fibroblasts
ACGGAGATCAGAGCTT-27,Fibroblasts
CATCAGACATGGGAAC-1,EpithelialCells
CGAGCACGTTAAAGTG-1,EpithelialCells
TGCGCAGTCTTCAACT-1,EpithelialCells
AGTCTTTCAGATCTGT-7,EpithelialCells
ACTGTCCTCAATCTCT-8,EpithelialCells
CCGTTCAGTGCAACTT-8,EpithelialCells
CGTGTCTTCTGCTTGC-9,EpithelialCells
GGGACCTGTATTACCG-13,EpithelialCells
TTATGCTAGCTAACAA-13,EpithelialCells
TGGGCGTTCATGCATG-16,EpithelialCells
TTTACTGAGGTCGGAT-16,EpithelialCells
AAATGCCCATGGTCTA-19,EpithelialCells
AAATGCCGTAGATTAG-19,EpithelialCells
ACGTCAATCTCCTATA-19,EpithelialCells
AGCTTGAGTTAAAGAC-19,EpithelialCells
AGGGAGTGTGTCAATC-19,EpithelialCells
AGTAGTCAGAGCCTAG-19,EpithelialCells
ATGTGTGAGGAGTCTG-19,EpithelialCells
CACAGTAGTCAGTGGA-19,EpithelialCells
CATCAAGTCGCGCCAA-19,EpithelialCells
CGTCACTGTCTAGAGG-19,EpithelialCells
CTAAGACGTAGCTCCG-19,EpithelialCells
CTAATGGGTACATCCA-19,EpithelialCells
CTCATTAAGTTGAGTA-19,EpithelialCells
CTCGAAAGTAAAGTCA-19,EpithelialCells
CTGATAGCAGGTGGAT-19,EpithelialCells
CTGATCCAGTGCAAGC-19,EpithelialCells
CTTGGCTTCACTTATC-19,EpithelialCells
CTTTGCGGTGAGGGTT-19,EpithelialCells
GAGGTGAAGTCATGCT-19,EpithelialCells
GATCTAGGTTTGTGTG-19,EpithelialCells
GCGCGATGTACATCCA-19,EpithelialCells
GCTGCGAAGCTATGCT-19,EpithelialCells
GGAGCAAGTAAAGGAG-19,EpithelialCells
TAAGCGTAGTTGAGAT-19,EpithelialCells
TACACGAAGAACTGTA-19,EpithelialCells
TAGGCATCACGGCTAC-19,EpithelialCells
TAGTTGGTCAGCTCTC-19,EpithelialCells
TATCTCACATGGATGG-19,EpithelialCells
TCTCATACACACTGCG-19,EpithelialCells
TGACGGCAGAATTGTG-19,EpithelialCells
TGACGGCTCCGCATCT-19,EpithelialCells
TGCCAAACAAGAAGAG-19,EpithelialCells
TGCCCTATCAGCTGGC-19,EpithelialCells
TGGGAAGAGCTGCAAG-19,EpithelialCells
TTGACTTAGGCTCATT-19,EpithelialCells
ACTTTCAGTAATCGTC-20,EpithelialCells
AGAATAGGTTCGGGCT-20,EpithelialCells
CGCGGTACACAAGCCC-20,EpithelialCells
CTACCCAGTCGAGATG-20,EpithelialCells
GCAAACTAGCACGCCT-20,EpithelialCells
GGGTTGCAGGTAGCCA-20,EpithelialCells
GTGAAGGGTGACTACT-20,EpithelialCells
GTTCATTAGTCTCGGC-20,EpithelialCells
TATTACCGTAGCCTAT-20,EpithelialCells
TCACAAGAGACCTAGG-20,EpithelialCells
TGATTTCCATTCTCAT-20,EpithelialCells
AACCGCGGTAGCTTGT-21,EpithelialCells
AACCGCGTCATGTCCC-21,EpithelialCells
AATCGGTAGGACAGAA-21,EpithelialCells
ACGAGCCAGGACCACA-21,EpithelialCells
ACGAGGACAAGAGGCT-21,EpithelialCells
ACTGAACAGTCATGCT-21,EpithelialCells
ACTTGTTCAGCCTATA-21,EpithelialCells
CACATTTCATGGTCTA-21,EpithelialCells
CAGCGACTCATTATCC-21,EpithelialCells
CAGTAACCAAGTAGTA-21,EpithelialCells
CATCAAGCAAGCCTAT-21,EpithelialCells
CATCGAAAGTGTTGAA-21,EpithelialCells
CCGTGGAGTAGCACGA-21,EpithelialCells
CCTTCCCTCTTGAGAC-21,EpithelialCells
CGATCGGGTTAGTGGG-21,EpithelialCells
CGTCTACCACATTAGC-21,EpithelialCells
CGTTGGGCATAAAGGT-21,EpithelialCells
CTCGTCATCAGTGCAT-21,EpithelialCells
GACCAATAGCACGCCT-21,EpithelialCells
GACGCGTTCAAACGGG-21,EpithelialCells
GAGGTGATCTCGTATT-21,EpithelialCells
GATTCAGCAAAGAATC-21,EpithelialCells
GCTCTGTAGGATGGAA-21,EpithelialCells
GCTGGGTCACCGGAAA-21,EpithelialCells
GCTTGAATCCATTCTA-21,EpithelialCells
GGACAGAGTCGAAAGC-21,EpithelialCells
GGCGTGTTCTCTGCTG-21,EpithelialCells
GTATTCTAGGCATGTG-21,EpithelialCells
GTCAAGTGTCCATGAT-21,EpithelialCells
GTCCTCACAATGGACG-21,EpithelialCells
TACCTTAAGACGCTTT-21,EpithelialCells
TAGGCATGTAGGGACT-21,EpithelialCells
TCACAAGCAGACGTAG-21,EpithelialCells
TCAGCAAAGGATTCGG-21,EpithelialCells
TCTATTGAGTGGACGT-21,EpithelialCells
TCTGAGATCACCGGGT-21,EpithelialCells
TGCCCTAAGGCTCTTA-21,EpithelialCells
TGCCCTAGTACCGTAT-21,EpithelialCells
TGCGTGGGTGCAACTT-21,EpithelialCells
TTCCCAGTCGGAGGTA-21,EpithelialCells
TTTCCTCGTGACGCCT-21,EpithelialCells
TTTGTCACATCAGTCA-21,EpithelialCells
TCTCATAAGACCTTTG-23,EpithelialCells
ATAACGCTCTAGAGTC-1,TumorCells
CCCTCCTTCGTCTGAA-1,TumorCells
CGGAGTCGTCGCTTCT-1,TumorCells
CTAAGACCAAGCGTAG-1,TumorCells
CTACACCCAATGTTGC-1,TumorCells
GAAGCAGAGATATACG-1,TumorCells
GATGCTACAGACGTAG-1,TumorCells
GGGAGATGTCATACTG-1,TumorCells
TACCTTAAGTACGATA-1,TumorCells
TACTCATCACGGCTAC-1,TumorCells
TGTGTTTTCTGCTTGC-1,TumorCells
TGTTCCGTCGTGGGAA-1,TumorCells
AGGGTGATCGTTGACA-3,TumorCells
ATCATGGCAGACGCCT-3,TumorCells
CCCAGTTAGTAGGTGC-3,TumorCells
GAACGGATCAGGCAAG-3,TumorCells
GCAGTTAGTCGTGGCT-3,TumorCells
GCATGTACAGCTCGCA-3,TumorCells
AAGGTTCGTCGGATCC-4,TumorCells
GTCTCGTCATATGGTC-4,TumorCells
TGACAACTCGGCGCTA-4,TumorCells
ACGCAGCCATGTCGAT-5,TumorCells
AGCCTAAGTGCATCTA-5,TumorCells
AGTGTCACATGAAGTA-5,TumorCells
AGTTGGTGTCTCGTTC-5,TumorCells
ATCATCTCAATGGACG-5,TumorCells
CAGCTAAAGACATAAC-5,TumorCells
CAGGTGCCACTATCTT-5,TumorCells
CCCAATCTCCGCGCAA-5,TumorCells
CCTTTCTCAACGATCT-5,TumorCells
CGCCAAGAGCGTTGCC-5,TumorCells
CGCGTTTAGTACTTGC-5,TumorCells
CGTTAGACATACTACG-5,TumorCells
CTCATTAAGGGTCGAT-5,TumorCells
GAAGCAGAGTACTTGC-5,TumorCells
GATGAAAGTTCCACTC-5,TumorCells
GCACTCTCACAGAGGT-5,TumorCells
GCGCAGTGTCTGCAAT-5,TumorCells
GGGTCTGCATCGATGT-5,TumorCells
GTCTCGTAGCTTTGGT-5,TumorCells
TACGGGCTCAACGAAA-5,TumorCells
TCACGAATCTGCTGCT-5,TumorCells
TCGGTAATCCACTGGG-5,TumorCells
TTCTCAACACCCATGG-5,TumorCells
TTCTCCTCATTAGCCA-5,TumorCells
TTTCCTCAGTTAGCGG-5,TumorCells
AAACGGGAGACACGAC-6,TumorCells
AACTCTTGTGAGCGAT-6,TumorCells
ACTTGTTAGATGAGAG-6,TumorCells
AGCTTGAGTTAAGGGC-6,TumorCells
AGTGAGGCATGCATGT-6,TumorCells
CATCGGGTCGTATCAG-6,TumorCells
GAGTCCGGTGTCTGAT-6,TumorCells
TACGGGCTCTTTAGGG-6,TumorCells
TGCGGGTAGGTGCAAC-6,TumorCells
TTAGGCACACTGTGTA-6,TumorCells
ACGGAGAAGGGCTCTC-8,TumorCells
CTACACCAGGTCGGAT-8,TumorCells
GCCAAATAGGGTGTTG-8,TumorCells
GTACGTACACAGAGGT-8,TumorCells
AGGCCACCACAGGTTT-9,TumorCells
ATAAGAGCAGATCGGA-9,TumorCells
CAACTAGTCCGTCAAA-9,TumorCells
CGATGTAAGAAGGACA-9,TumorCells
GACCTGGCAACACCCG-9,TumorCells
GAGCAGATCAACACAC-9,TumorCells
GAGCAGATCCATGAGT-9,TumorCells
TGAGCATTCTAAGCCA-9,TumorCells
TGCTGCTAGTTAACGA-9,TumorCells
TTAGGCAAGCGAAGGG-9,TumorCells
ATGTGTGCATGGTTGT-13,TumorCells
CGATTGATCGCCAAAT-13,TumorCells
CGCGTTTGTAACGCGA-13,TumorCells
GCATGATCACGTGAGA-13,TumorCells
GGGAATGGTCGTTGTA-13,TumorCells
AATCGGTTCGTTGCCT-16,TumorCells
CAAGTTGCATCCTAGA-16,TumorCells
CTAGTGAAGACTCGGA-16,TumorCells
CTCACACGTCCGAACC-16,TumorCells
GGTGCGTAGGAATTAC-16,TumorCells
GTACGTAGTAGCTGCC-16,TumorCells
TACTTACCAAGGTGTG-16,TumorCells
TTTCCTCAGTGCCATT-16,TumorCells
CGAATGTGTATAGGGC-18,TumorCells
GGACAAGAGGTCGGAT-18,TumorCells
GATCGATTCCTGCCAT-26,TumorCells
GGTGTTAGTCGAAAGC-26,TumorCells
GTCACAACAGCGAACA-26,TumorCells
CTTAACTTCAACACGT-27,TumorCells
ACACCAACACACCGCA-28,TumorCells
AGACGTTCACAGGAGT-28,TumorCells
CAAGTTGGTGAGCGAT-28,TumorCells
CATCCACCAAATCCGT-28,TumorCells
CCGGTAGCATGGTAGG-28,TumorCells
GCTCCTAAGGCTAGCA-28,TumorCells
GCTCTGTCATACTCTT-28,TumorCells
GGAAAGCGTCGGCACT-28,TumorCells
GTATCTTGTAATTGGA-28,TumorCells
TGGGCGTTCTGGTATG-28,TumorCells
TTCCCAGCAGTCGTGC-28,TumorCells
AAATGCCAGTGTCTCA-1,DCs
ATCATCTAGCCAGGAT-1,DCs
CACCAGGTCGGCCGAT-1,DCs
CGACTTCGTTCTCATT-1,DCs
AGGCCGTAGGAGTCTG-3,DCs
CACACCTCAATGAATG-3,DCs
CATATTCTCGCGATCG-3,DCs
GAACATCAGTCATGCT-3,DCs
GCATGCGGTAGCGTGA-3,DCs
GGCGACTTCCCGACTT-3,DCs
GTCACAATCCTCCTAG-3,DCs
TGACTTTGTCTCTCGT-3,DCs
TTCTCCTGTCTCCATC-3,DCs
AACTGGTTCTAACCGA-4,DCs
ACGCAGCGTTGACGTT-4,DCs
ACGGCCATCAATACCG-4,DCs
ATTTCTGAGAATTGTG-4,DCs
CATCAGATCAAGATCC-4,DCs
TACCTATTCACCATAG-4,DCs
TGACGGCCACGTTGGC-4,DCs
TGCTACCAGGCGATAC-4,DCs
TGTATTCAGTTAACGA-4,DCs
TTGACTTAGGCCATAG-4,DCs
GACCAATGTTGACGTT-5,DCs
TCACGAAGTGACGCCT-5,DCs
TTCCCAGCAGGGTTAG-5,DCs
CACATTTCACATGGGA-6,DCs
CCTACCAGTACCGGCT-6,DCs
CGAGAAGCACATGTGT-6,DCs
GACAGAGTCCATGCTC-7,DCs
GGGTCTGCACTGTCGG-7,DCs
AGCATACCATCTGGTA-8,DCs
CCGTGGACACTTCGAA-9,DCs
GCGACCAAGAAACCTA-9,DCs
TACAGTGCAGTTCATG-9,DCs
TCGTACCCAACCGCCA-9,DCs
AGGGTGAAGTTAGCGG-10,DCs
CACACTCAGAGTACAT-10,DCs
CCGTGGAAGCGAAGGG-10,DCs
TCAGGATCACGCCAGT-10,DCs
TGACAACGTTCACCTC-10,DCs
ACGATGTCACCAACCG-11,DCs
AGCCTAATCCATGAAC-11,DCs
CAGAATCAGAAACCAT-11,DCs
CGAGCCAGTGGTCCGT-11,DCs
TGCGGGTCACCTATCC-11,DCs
ACTTACTAGATAGCAT-12,DCs
AGTTGGTCAGATCTGT-12,DCs
ATGCGATCAAGTAATG-12,DCs
CACACAAAGATGGCGT-12,DCs
CACATTTGTGTATGGG-12,DCs
CTGCCTAGTTGATTCG-12,DCs
GTCTTCGTCAACGGGA-12,DCs
GTGCTTCGTCCGTCAG-12,DCs
AACTGGTCAATAGCGG-13,DCs
GCGCAGTGTATCGCAT-13,DCs
CTGAAGTCAGTTCATG-14,DCs
GAATAAGGTATATGGA-14,DCs
CAAGATCAGGCACATG-15,DCs
GAGTCCGTCCTTGACC-15,DCs
AAGGTTCCACAAGACG-16,DCs
AGTGTCAGTCTAGGTT-16,DCs
CAAGATCGTTTGTGTG-16,DCs
CAAGTTGGTAGCAAAT-16,DCs
CAGAATCTCTTAACCT-16,DCs
CCAGCGAAGTCTTGCA-16,DCs
CCATGTCCAATTCCTT-16,DCs
CCCAATCGTGACAAAT-16,DCs
GTGGGTCTCGTAGATC-16,DCs
TAAGCGTGTTAAGAAC-16,DCs
TCGAGGCAGGGTCTCC-16,DCs
TCTATTGAGTGCTGCC-16,DCs
TCTCTAATCCAAGCCG-16,DCs
TGAGCCGGTCTTCTCG-16,DCs
AACCATGCACGGACAA-18,DCs
ACACCGGTCACTTATC-18,DCs
ACATACGAGAGTAAGG-18,DCs
ACGGCCACAACACCCG-18,DCs
AGCGTATGTCTGCAAT-18,DCs
CTACACCTCTGGTATG-18,DCs
CTGTTTAAGCCGGTAA-18,DCs
GCTCTGTTCATCACCC-18,DCs
TATCTCACATTACCTT-18,DCs
TTAGTTCCATTTGCCC-18,DCs
ATAGACCTCGCAGGCT-19,DCs
CACACTCCAAAGAATC-19,DCs
CGTGTCTGTCATGCCG-20,DCs
ACTTGTTAGAAGGACA-21,DCs
CGCCAAGTCAACACCA-22,DCs
CACCTTGTCCGTAGTA-23,DCs
GCATACAAGACTGGGT-23,DCs
GGCTGGTCACGAGAGT-23,DCs
CACAAACCAGGGTACA-24,DCs
TCTGAGATCAAACCAC-24,DCs
CATTCGCCAGTACACT-25,DCs
CCTTTCTGTTATTCTC-25,DCs
TACTTGTCATTGTGCA-25,DCs
TGATTTCTCTAGAGTC-25,DCs
AGTGGGATCAACACCA-27,DCs
TTCGGTCCAACTGCTA-27,DCs
ACCCACTCAGACGCTC-1,PlasmaCells
ACGGCCATCCAAGTAC-1,PlasmaCells
ACTGAGTTCATGCATG-1,PlasmaCells
ATCTGCCCAGTTCATG-1,PlasmaCells
ATTATCCCAAGACGTG-1,PlasmaCells
CATCGAATCCAGAAGG-1,PlasmaCells
CCGGGATAGCTGTCTA-1,PlasmaCells
CCTTACGGTGTGAAAT-1,PlasmaCells
CGCCAAGAGAAGCCCA-1,PlasmaCells
CGTGAGCAGGAGCGAG-1,PlasmaCells
CGTGTCTAGGAATCGC-1,PlasmaCells
CTAGCCTCACGGTGTC-1,PlasmaCells
CTGCTGTCACTCAGGC-1,PlasmaCells
CTTACCGTCAGTTGAC-1,PlasmaCells
GAACCTAGTTAAGGGC-1,PlasmaCells
GATCGATTCTTGGGTA-1,PlasmaCells
GCACTCTCAGGCTCAC-1,PlasmaCells
GCACTCTGTAAATGAC-1,PlasmaCells
GCCAAATGTTGTCTTT-1,PlasmaCells
GGTATTGTCAGCAACT-1,PlasmaCells
TCGAGGCAGGCCATAG-1,PlasmaCells
TGCTACCGTTAAGAAC-1,PlasmaCells
ACCTTTATCTTGAGGT-3,PlasmaCells
ATTTCTGCATTCGACA-3,PlasmaCells
CAAGAAACAACACGCC-3,PlasmaCells
CCACCTACAAGCTGTT-3,PlasmaCells
CGTAGGCGTAGATTAG-3,PlasmaCells
TGATTTCTCGCGATCG-3,PlasmaCells
GTCGTAATCTCCGGTT-4,PlasmaCells
CACACTCGTATCGCAT-6,PlasmaCells
CAGCATACAGACAAGC-6,PlasmaCells
CGATTGACACGAAGCA-6,PlasmaCells
CGTTCTGGTGCCTGTG-6,PlasmaCells
CTTGGCTGTCAGAATA-6,PlasmaCells
CTTTGCGGTCAAACTC-6,PlasmaCells
GGAACTTAGCGTTGCC-6,PlasmaCells
TACCTTAGTCAGTGGA-6,PlasmaCells
TCAATCTAGTGTGGCA-6,PlasmaCells
TCACGAATCTTGTTTG-6,PlasmaCells
TGATTTCAGGCAGGTT-6,PlasmaCells
TTGACTTGTGCAACTT-6,PlasmaCells
CTAGTGACACTTACGA-7,PlasmaCells
CTGATAGTCGTACGGC-8,PlasmaCells
CTTCTCTGTTCCACGG-8,PlasmaCells
TGCACCTCAAGTCATC-8,PlasmaCells
AAGGTTCCAGTCCTTC-9,PlasmaCells
AAGACCTCAGCGTAAG-10,PlasmaCells
CTTGGCTAGCGTTTAC-10,PlasmaCells
GGTGTTACAGTTCCCT-10,PlasmaCells
CTCGTCACATGCCACG-11,PlasmaCells
ACTGAGTGTCTAGAGG-12,PlasmaCells
CGTCTACAGCTGATAA-14,PlasmaCells
GACCAATCAAGTAGTA-14,PlasmaCells
TCGCGAGAGTGTCTCA-15,PlasmaCells
CACACTCTCATACGGT-16,PlasmaCells
TGGCTGGCACCCAGTG-16,PlasmaCells
AACTCCCAGGCATGGT-18,PlasmaCells
ACTTTCAAGTTCGCGC-18,PlasmaCells
GCTCTGTGTGGGTATG-18,PlasmaCells
AAGCCGCCACACCGCA-19,PlasmaCells
AGCATACTCGCCTGTT-19,PlasmaCells
ATTACTCGTCACTGGC-19,PlasmaCells
CAAGGCCAGCTAACTC-19,PlasmaCells
CATGGCGGTTTAGCTG-19,PlasmaCells
CGATGTAAGTGAATTG-19,PlasmaCells
GAACCTAGTATAATGG-19,PlasmaCells
GACCAATCAGTGACAG-19,PlasmaCells
ACTGAGTGTTATGTGC-21,PlasmaCells
AGCATACAGACGACGT-21,PlasmaCells
CGGAGTCCAATGGAGC-21,PlasmaCells
CTAACTTGTACGACCC-21,PlasmaCells
CTACACCGTGCTGTAT-21,PlasmaCells
CTCGTACTCACCAGGC-21,PlasmaCells
CTGATCCCACTGTTAG-21,PlasmaCells
CTGCTGTAGATGTTAG-21,PlasmaCells
GACACGCTCTTGAGGT-21,PlasmaCells
GACAGAGGTCTGGTCG-21,PlasmaCells
GATCGATAGCAGCGTA-21,PlasmaCells
GGTATTGGTAGCGTAG-21,PlasmaCells
GTCGGGTTCGAGCCCA-21,PlasmaCells
TACCTATTCATAACCG-22,PlasmaCells
AAAGTAGGTCTGCCAG-23,PlasmaCells
ACACCAACATGGTTGT-23,PlasmaCells
ACGGGCTAGTGTTGAA-23,PlasmaCells
AGTGGGAAGTACGCCC-23,PlasmaCells
ATGCGATTCATCGCTC-23,PlasmaCells
CAACCTCGTCTGCAAT-23,PlasmaCells
CAGATCAAGGTAGCTG-23,PlasmaCells
CTACCCACAAGGTTTC-23,PlasmaCells
GTACTTTAGTGTTTGC-23,PlasmaCells
TCATTTGAGCAGGCTA-23,PlasmaCells
TCATTTGAGCTGCGAA-23,PlasmaCells
TCGGGACAGACTGGGT-23,PlasmaCells
TCTTTCCGTTCCGTCT-23,PlasmaCells
TGGCCAGGTAATTGGA-23,PlasmaCells
AGTAGTCAGGCCGAAT-24,PlasmaCells
TTCTCAACATAGACTC-24,PlasmaCells
ACCCACTGTGTGACCC-25,PlasmaCells
GTAGTCAGTCAGAAGC-25,PlasmaCells
CTCTAATCATACTACG-27,PlasmaCells
